t,x1,x2,x3,x4,x5,s,u,P,S
0.0,10.0,0.1,0.1,0.1,0.1,24.6,3.0000000274388494,0.5200000047560672,0.07507396449704096
0.1,8.142436142500314,0.0964820368030416,0.09246680553371639,0.09471800895174337,0.09535729163579604,26.478539714575387,3.000000027295776,0.42607301814789506,0.08648448627972105
0.2,6.631503269429314,0.09193385566512703,0.08582599750740282,0.09026608526331399,0.09167327999011125,28.008797512144728,3.0000000265271582,0.34956012748370907,0.09959112595199637
0.30000000000000004,5.401880515717435,0.08672955095407991,0.07988810576826907,0.08642258247013808,0.08868261489684352,29.256396630193233,3.0000000255513726,0.2871801709362874,0.11456640999559997
0.4,4.4008293926321675,0.08115566918940756,0.07452167647772891,0.08303769643204154,0.08620554990261828,30.274250015366032,3.0000000243016935,0.23628750114576033,0.13159830632000336
0.5,3.58564673697516,0.07542859498072521,0.06963184187650591,0.0800067063533831,0.08411623400660236,31.105169885807623,3.00000002268197,0.1947415071819925,0.15088130758162932
0.6000000000000001,2.9216915873170266,0.06970895802666745,0.06514786899667284,0.07725441871996373,0.08232417967234638,31.783872987267323,3.0000000243640215,0.16080635194259696,0.17260567487818768
0.7000000000000001,2.3808285535322464,0.06411340315199532,0.06101553212962513,0.0747256587729332,0.08076290933618936,32.33855394307701,2.999999954597139,0.13307230083219504,0.19694372392144466
0.8,1.9721605487864713,0.059744320272826425,0.058198090616862784,0.07367167645569364,0.08080932636841791,32.75541603749973,2.6426518121797606,0.09886089793484955,0.22425379615796748
0.9,1.7244909453082071,0.05859366650113405,0.05868642685366053,0.07683946581189748,0.08558194454104015,32.99580755098406,1.9097665903328693,0.0637923296621342,0.25463445538774654
1.0,1.6364729824319082,0.06216845157274363,0.06426324488252945,0.08706025925641754,0.09848479996324175,33.05155026189316,1.0368400354526843,0.0336705115922745,0.2879367031116351
1.1,1.6831828020915232,0.07125841338135695,0.07624754458860987,0.10687818057359914,0.12279674227105357,32.93963631709386,0.33221838948184906,0.011408178408032831,0.32380891132744904
1.2000000000000002,1.8237073843058977,0.0857515612948235,0.09518981982654001,0.13800502941775897,0.16100007436427255,32.69634613079071,1.2133105527887904e-7,4.658412582473937e-9,0.36171026448014343
1.3,2.007745243293224,0.10452866217787511,0.12057715798643992,0.180700022023017,0.21396383900845203,32.372485075510994,-2.9383736731869177e-9,-1.286770113337369e-10,0.40106632484940596
1.4000000000000001,2.210296050231456,0.1271475463841859,0.15265038443225074,0.23636677826203217,0.2839531250006494,31.989586115689427,1.8527765206714511e-9,9.296040270589955e-11,0.44150900359793854
1.5,2.433200451691094,0.15436074669608704,0.19312458887246256,0.3088096411980323,0.3762037419688631,31.53430082957346,6.986378805838552e-10,4.035447871946704e-11,0.4822708508100948
1.6,2.678473152251001,0.18705981484721304,0.24412841322720305,0.40286432828688457,0.49741189813689335,30.990062393250806,-2.244939681646195e-10,-1.5003446757194404e-11,0.5224677894072972
1.7000000000000002,2.948315145155903,0.2262970836564828,0.30828716734938605,0.5246216803185039,0.6560406600775633,30.33643826344216,-9.61446938826078e-10,-7.472945259399936e-11,0.56115154601144
1.8,3.2451244844495206,0.2733083946006451,0.38881104981419673,0.681659173874263,0.8626158661753313,29.548481031086045,-1.5423298761438526e-9,-1.4013400960201545e-10,0.5973805979205397
1.9000000000000001,3.571503855679521,0.3295348754613165,0.4895787814889908,0.8832432821302485,1.1299396341454895,28.596199571094438,-1.9857045873896958e-9,-2.1193426480676473e-10,0.6303024116008376
2.0,3.9302619525925717,0.3966400086109088,0.6151969695677421,1.14042994388111,1.4730878937790566,27.44438323156861,-2.2995904654149715e-9,-2.895804046835717e-10,0.6592358935556475
2.1,4.324403377902481,0.4765148793119395,0.7709978050350207,1.465929965457425,1.908961157791131,26.053192814502008,-2.4801433480442757e-9,-3.6982273878912647e-10,0.6837411642485991
2.2,4.757097483245306,0.5712583425564083,0.9629068897372092,1.873509180302257,2.455017005446946,24.38021109871188,-2.5065833318477296e-9,-4.436564307951722e-10,0.7036649034939448
2.3000000000000003,5.2316081255588704,0.6831074038347374,1.1970607975263732,2.3765491410214654,3.126638281677133,22.385036250381425,-2.3279488754549163e-9,-4.894498445804851e-10,0.7191534373165847
2.4000000000000004,5.751148977615825,0.8142715653614901,1.4789697763119738,2.985211369882445,3.932450420974903,20.037947889853363,-1.8280130300705377e-9,-4.5584710356570724e-10,0.7306309810959193
2.5,6.3185915369274985,0.9665842888556113,1.8118997632619278,3.701507628195811,4.8670092059165215,17.334407576842633,-1.11046421982602e-9,-3.26950138465765e-10,0.7387445834312439
2.6,6.935867445189996,1.140810576028167,2.1940258994191204,4.511770536716145,5.901147987162236,14.316377555484337,-1.1498200889564275e-9,-3.9637407665156934e-10,0.7442778232917825
2.7,7.5933539305290685,1.3336913902231429,2.6108802686079486,5.371085012852919,6.964865638011962,11.126123759774961,0.023692638325347227,0.009427251919729205,0.7480316786582624
2.8000000000000003,8.19405328323478,1.522430828457278,3.0055912038633776,6.148960886349023,7.8861602617458635,8.242803536349678,0.23815679234392667,0.10620680136498699,0.7506868710752432
2.9000000000000004,8.586952038685096,1.6708673609106508,3.2989413594860517,6.683900299089148,8.469679548395733,6.289659393433322,0.5556321901018515,0.26587315716327936,0.7527300825494766
3.0,8.720175082545095,1.7639168543535866,3.4650897429668506,6.938792309353027,8.686974359879256,5.425051650902184,0.8253937089577595,0.4068496051682669,0.75445801663343
3.1,8.666179454121506,1.8167135115563495,3.544431711335902,7.0108349966950065,8.672531997343215,5.289308328948019,0.9687654139851802,0.4797115086082119,0.7560614229993815
3.2,8.537729070305607,1.854609863066239,3.5940631053609735,7.021752836309096,8.582293368213943,5.40955175674414,0.9993454574198583,0.4928513339152528,0.7576384655883085
3.3000000000000003,8.41189931829076,1.894518142146445,3.648798021931703,7.041867692917445,8.503694509923779,5.499222314789866,0.9719270264367742,0.4778767188859771,0.7592040811585111
3.4000000000000004,8.315694310085206,1.9418657956259544,3.718030821933069,7.088422471209751,8.457333198251238,5.478653402894781,0.9342795696899246,0.4596865165901764,0.7607398555053317
3.5,8.24536827887525,1.9952308648587223,3.797428824632881,7.1516729668023205,8.430973400735015,5.37932566409581,0.9091277697974796,0.4488162933149669,0.7622304875930161
3.6,8.187791294435156,2.0512309746200295,3.879574213801186,7.216826631532494,8.406880926643748,5.2576959589673855,0.8993621355524162,0.4458183679765392,0.7636720488690689
3.7,8.132543636536882,2.1073320765755192,3.959472317361308,7.27455593264368,8.374273592211589,5.151822444671022,0.8987928865584333,0.4471221610577128,0.7650679780379404
3.8000000000000003,8.075350338667212,2.162642812547934,4.0357051820372485,7.32263803734815,8.330854511252099,5.072809118147356,0.9004166573254829,0.4491156862829905,0.7664238463817535
3.9000000000000004,8.016578675620442,2.2174776819997186,4.1092017303934885,7.363189527814778,8.279297542637414,5.014254841534156,0.9001819259402449,0.4498770971250192,0.7677442149045405
4.0,7.958215919110655,2.272526382992151,4.181455997658282,7.399186393641185,8.223147317728005,4.9654679888697215,0.8976692501797335,0.44935126383217533,0.7690317346767407
4.1000000000000005,7.901750777010942,2.328280500824297,4.253435680772143,7.432496114622785,8.164609868041172,4.91942705872866,0.893966517540859,0.44818375063236887,0.7702876488498434
4.2,7.847762764134591,2.384939207821518,4.325478512074244,7.463782949086567,8.104505855581897,4.873530711301184,0.8899354498674306,0.4468435499892585,0.7715125581478981
4.3,7.7962825790526225,2.442530207036282,4.397580602018321,7.493089752328253,8.04295789855509,4.82755896100943,0.8860027168822528,0.44554774559192045,0.7727068686463886
4.4,7.746968211046285,2.500970577465215,4.469547227450763,7.520140337734494,7.979742766161377,4.782630880141866,0.8827307528419206,0.4445633498679096,0.773870960708037
4.5,7.699252400624307,2.560118041955465,4.541107946233806,7.544553685183136,7.914528741819306,4.74043918418398,0.8802506253253474,0.44393328883654054,0.7750052650131971
4.6000000000000005,7.65283004226415,2.6199240138895403,4.612185390865855,7.566289458748334,7.847344758585604,4.7014263356465165,0.8778505466283879,0.4432936575552197,0.7761102166714059
4.7,7.607780665252404,2.6804626162524827,4.682917986908097,7.585661011430133,7.778583938456717,4.664593781700166,0.8752418826934973,0.44251363417961287,0.777186119121564
4.800000000000001,7.56414582175123,2.7417844732443055,4.753388130458818,7.602876319435974,7.708521058457934,4.6292841966517395,0.8727652814480688,0.4417751054314759,0.7782331315203546
4.9,7.521731837889038,2.8038547062328374,4.823527540447486,7.617895623872235,7.637170889514283,4.595819402044122,0.8706967691228883,0.44121369690781653,0.7792513546433777
5.0,7.480400052877565,2.8666604153546396,4.893312304276558,7.630751167694525,7.564616484021109,4.564259575775605,0.8686391286368467,0.44062791735859214,0.7802408707201065
5.1000000000000005,7.440145195922154,2.930234173982944,4.96279539642613,7.641594101350956,7.491056062361741,4.534175069956076,0.8666325355249556,0.4400445850997229,0.7812016973073029
5.2,7.400844233641187,2.994559934415785,5.0319454082861474,7.650441080360626,7.416550157085898,4.505659186210358,0.8649486018682225,0.43960062419634044,0.7821338061708978
5.300000000000001,7.362336092511262,3.0596082343172677,5.100713804529106,7.657283142726745,7.34113029203026,4.4789284338853586,0.8634383727770156,0.4392177394742811,0.7830371590398443
5.4,7.324637766285305,3.125419022248264,5.169167630588936,7.662283921660084,7.264991030128939,4.4535006290884755,0.8617675501495335,0.43873303214191156,0.7839116876120438
5.5,7.287848076852338,3.1920566655571156,5.237402776575772,7.665641859570396,7.188355784288727,4.4286948371556525,0.8600095636162306,0.4381935802046064,0.7847572697526398
5.6000000000000005,7.251805625370491,3.259471015936504,5.305324778996385,7.667272372328238,7.11117743748835,4.4049487698800345,0.8587981467949034,0.4379162216253693,0.785573759865304
5.7,7.216178059953849,3.327547834834682,5.372752863364625,7.666973169922657,7.03329689744101,4.383251174483179,0.8580309004159193,0.43783527604277067,0.786361046299884
5.800000000000001,7.180777980417679,3.3962458902149817,5.439643085088691,7.664747587565824,6.954744617263817,4.36384083944901,0.857469374058788,0.4378261369827177,0.7871190221565555
5.9,7.145491707580911,3.4655568749452894,5.50601006497371,7.660682525076692,6.875624928933646,4.346633898489753,0.8571654209483162,0.4379167576313979,0.787847555729929
6.0,7.110025040049273,3.535388893851941,5.571745403810514,7.654694201150249,6.795885054460113,4.332261406677912,0.8576047858474738,0.438346656479205,0.7885464968308669
6.1000000000000005,7.073981227590661,3.60561197000464,5.636703392965749,7.646653814443952,6.715428980939104,4.321620614055897,0.85866392538737,0.439040294467629,0.7892157020136339
6.2,7.037178523666843,3.6762072988679093,5.700928224458383,7.636695196420169,6.634390432156893,4.314600324429804,0.8599093035984025,0.4397776777609702,0.789855005361821
6.300000000000001,6.99982264423571,3.7473363575650853,5.764727604847663,7.625293653865133,6.5531964830787315,4.309623256407678,0.8606217298629871,0.4402134187202869,0.7904641882367307
6.4,6.96263896727617,3.819387613033082,5.8286984836521,7.6132750728666,6.472569557251661,4.303430305920387,0.8598456742771772,0.43990521111003744,0.7910429698100074
6.5,6.9267160625953865,3.8928774593386892,5.893535662542026,7.601545656671371,6.393292579114921,4.292032579737606,0.8571877668618145,0.4387082336306679,0.7915910275048759
6.6000000000000005,6.892407028790957,3.9678769584622193,5.9591945773623225,7.590026270545228,6.3153118134347626,4.275183351404512,0.8549635196144332,0.4378099563565222,0.7921080515083739
6.7,6.857481629154004,4.043095650572881,6.023705186550493,7.5762334925129045,6.236569103259001,4.262914937950717,0.8587259212094661,0.43991219475336657,0.7925938151479293
6.800000000000001,6.81555773989962,4.115181476834348,6.082495375784018,7.554608564090621,6.152484611692348,4.279672231699047,0.8764924907852274,0.4487689433896115,0.7930481108490449
6.9,6.756522730392916,4.1791285446832545,6.12939448049407,7.517968529939294,6.0571915976246995,4.359794116865768,0.9138900068320563,0.466696299397886,0.7934703621793355
7.0,6.670280399321206,4.230391084198318,6.159868539584897,7.46159244376261,5.94689612260804,4.530971410524931,0.9685016337951335,0.4918217328176207,0.7938586174021516
7.1000000000000005,6.554143201886705,4.268821912154842,6.176234470802649,7.389369284424986,5.824803039138648,4.786628091592171,1.0224242358260014,0.5148480614196776,0.7942081844592542
7.2,6.422030997452016,4.303672810473589,6.193441159398349,7.31995973858209,5.705798318135201,5.055096975958755,1.040174278074243,0.5191319647505885,0.7945117519150617
7.300000000000001,6.31030855988015,4.357133136786632,6.241962516254375,7.2887204288088485,5.617414098815286,5.184461259454709,0.9769876240315122,0.48549020588908076,0.7947644633410681
7.4,6.2749035343376045,4.462711649345143,6.3632661004597795,7.340834014379525,5.593942302898517,4.964342398579433,0.7997169917928822,0.4003337623921512,0.7949750033867878
7.5,6.376564326978576,4.6536204956107685,6.592114392384486,7.511225727677671,5.661595654747789,4.204879402600713,0.51557093737874,0.2646178198848749,0.7951736530086658
7.6000000000000005,6.648676747055291,4.9336913847155826,6.919471813994501,7.788280218171604,5.814111468248091,2.8957683678149326,0.1999328169067258,0.10697815774747953,0.7953912380644725
7.7,7.033757158641545,5.232202487740934,7.249760733274351,8.077717695765378,5.989239715776823,1.4173222088009723,2.4203251843600095e-9,1.3546833469381098e-9,0.7955931939304937
7.800000000000001,7.348749112806497,5.425740060639151,7.447554290412734,8.249516588720041,6.0975225545580765,0.4309173928634995,-7.569702658543746e-9,-4.361294608577659e-9,0.7956997890435694
7.9,7.486236045795479,5.4936934110644415,7.507707917198875,8.298429670516958,6.130604119496862,0.08332883592738329,-8.18790682394689e-9,-4.764907501563663e-9,0.7957319195225939
8.0,7.517017405731357,5.51038878937821,7.518159648105373,8.30518543653655,6.138521188809552,0.01072753143895765,-8.349593075868772e-9,-4.869103118886386e-9,0.7957521967104885
8.1,7.519449281837411,5.5160371345265204,7.518432573596462,8.303471724009357,6.141417002389348,0.0011922836409003167,-8.371817359285433e-9,-4.883393766568467e-9,0.7957736314965425
8.200000000000001,7.517945154959574,5.520219737694901,7.517382578789782,8.300665226109139,6.143657719364992,0.00012958308161164524,-8.37511302712883e-9,-4.8854645112759015e-9,0.7957952719918484
8.3,7.516004389102602,5.524228875044083,7.516188436104841,8.297743250518048,6.145821013115715,1.403611470942865e-5,-8.370646896810634e-9,-4.8828753982835355e-9,0.7958168368650369
8.4,7.514021441923471,5.52820918615916,7.514981717177831,8.294814792641173,6.147971356294395,1.505803967461135e-6,-8.325302698856968e-9,-4.856426365395333e-9,0.7958382930554305
8.5,7.5120392316566775,5.5321764431011085,7.513776717994263,8.291891687120392,6.150115772629177,1.474983794657126e-7,-7.97534539241382e-9,-4.652284792635553e-9,0.7958596375029967
8.6,7.510062396819213,5.536132385480103,7.5125749780783835,8.288975202685243,6.152255034086918,2.850134766100263e-9,-5.5819007383008e-9,-3.256108763743647e-9,0.7958808704074846
8.700000000000001,7.508091425979298,5.540077230000327,7.5113766537146995,8.286065462437023,6.154389234169352,-6.300703012332934e-9,-1.232807735565175e-9,-7.191378458758114e-10,0.7959019923162153
8.8,7.506126358644453,5.544011029496397,7.510181753644513,8.283162468179842,6.156518394980186,-4.945394729504655e-9,-3.1607975818131866e-9,-1.8437985896515486e-9,0.7959230038112364
8.9,7.504167182300963,5.547933817440107,7.508990269065027,8.280266207100047,6.158642529854101,-5.7602474456235514e-9,-2.2243034937734514e-9,-1.2975103715813888e-9,0.795943905475736
9.0,7.502213879151031,5.551845624575635,7.507802188216502,8.277376663432113,6.160761650029148,-5.404432496595741e-9,-2.702573133958404e-9,-1.5765009950525002e-9,0.7959646978900847
9.1,7.500266432859554,5.555746482376419,7.506617500387803,8.274493822499933,6.162875767477938,-5.601648611086828e-9,-2.4672219982241755e-9,-1.4392128325277773e-9,0.7959853816315059
9.200000000000001,7.498324826410279,5.5596364218101755,7.505436194398355,8.271617669128773,6.164984893766625,-5.5142105155048065e-9,-2.590138740017051e-9,-1.510914265247989e-9,0.7960059572741736
9.3,7.496389043189223,5.563515473959651,7.5042582593572575,8.268748188437819,6.16708904062414,-5.568091779193302e-9,-2.53233903186298e-9,-1.477197768821743e-9,0.7960264253891873
9.4,7.494459066449926,5.567383669714258,7.50308368428457,8.265885365444213,6.1691882196573795,-5.5503479512418505e-9,-2.5655965181431703e-9,-1.4965979691541818e-9,0.7960467865446079
9.5,7.492534879583522,5.5712410399261305,7.501912458301901,8.263029185262305,6.171282442494706,-5.5685665334963506e-9,-2.5528900223584916e-9,-1.4891858466127192e-9,0.7960670413054651
9.600000000000001,7.490616465983065,5.575087615332034,7.500744570536373,8.260179633003355,6.173371720713778,-5.568608303366666e-9,-2.563382437937269e-9,-1.4953064223679814e-9,0.7960871902337776
9.700000000000001,7.488703809111762,5.578923426593173,7.499580010168828,8.257336693826005,6.175456065878028,-5.577801996676129e-9,-2.5621463522642187e-9,-1.494585372392313e-9,0.7961072338885673
9.8,7.486796892468408,5.582748504275509,7.49841876640933,8.25450035291076,6.177535489518348,-5.582359271728643e-9,-2.5668343552992363e-9,-1.4973200408300374e-9,0.7961271728258767
9.9,7.484895699604616,5.5865628788600885,7.497260828509325,8.25167059547279,6.179610003142422,-5.589245671940432e-9,-2.568518863852367e-9,-1.4983026708198154e-9,0.7961470075987847
10.0,7.483000214115925,5.590366580738224,7.496106185755305,8.24884740675539,6.181679618230094,-5.5949407225462195e-9,-2.5717180315996982e-9,-1.5001688520063006e-9,0.7961667387574214
10.100000000000001,7.481110419646084,5.594159640214318,7.494954827471809,8.24603077203321,6.183744346235797,-5.601224941560373e-9,-2.5741435853005636e-9,-1.5015837583323012e-9,0.7961863668489858
10.200000000000001,7.479226299884688,5.597942087504828,7.493806743019712,8.243220676610553,6.185804198587411,-5.607196973477041e-9,-2.5769551320062114e-9,-1.5032238272444478e-9,0.79620589241776
10.3,7.477347838568171,5.601713952739177,7.492661921796885,8.240417105822152,6.187859186686922,-5.613313164764682e-9,-2.579564495212273e-9,-1.504745955781824e-9,0.7962253160051262
10.4,7.4754750194791,5.6054752659596785,7.491520353237673,8.23762004503271,6.189909321910175,-5.619342036079172e-9,-2.5822700905345595e-9,-1.506324219720337e-9,0.7962446381495809
10.5,7.473607826446332,5.609226057121966,7.49038202681296,8.234829479637053,6.1919546156070835,-5.62540080819637e-9,-2.584920284289074e-9,-1.5078701660776465e-9,0.7962638593867517
10.600000000000001,7.471746243344739,5.612966356095161,7.489246932029939,8.23204539505998,6.193995079101606,-5.631429804202091e-9,-2.58759205470371e-9,-1.5094286988200281e-9,0.7962829802494121
10.700000000000001,7.469890254095141,5.616696192662166,7.4881150584320375,8.229267776756261,6.196030723691847,-5.637459152837073e-9,-2.590246172652641e-9,-1.5109769342907472e-9,0.7963020012674968
10.8,7.468039842664146,5.620415596519906,7.48698639559876,8.226496610210571,6.1980615606500855,-5.643473362161834e-9,-2.59290252118218e-9,-1.512526470933488e-9,0.7963209229681172
10.9,7.46619499306403,5.624124597279587,7.485860933145573,8.223731880937441,6.200087601222845,-5.649480133750843e-9,-2.595550894654243e-9,-1.5140713554593668e-9,0.7963397458755765
11.0,7.464355689352602,5.627823224466943,7.484738660723774,8.220973574481208,6.202108856630943,-5.655475371986403e-9,-2.598196414593902e-9,-1.5156145754246767e-9,0.7963584705113851
11.100000000000001,7.462521915633074,5.631511507522495,7.483619568020365,8.218221676415974,6.204125338069549,-5.661460988431012e-9,-2.6008363906480267e-9,-1.5171545614567578e-9,0.7963770973942749
11.200000000000001,7.460693656053929,5.635189475801797,7.482503644757924,8.215476172345543,6.206137056708238,-5.6674358361475325e-9,-2.603472117876004e-9,-1.518692069006919e-9,0.7963956270402148
11.3,7.458870894808793,5.638857158575688,7.48139088069448,8.212737047903383,6.20814402369105,-5.6734003289511e-9,-2.6061028578264368e-9,-1.5202266673118455e-9,0.7964140599624256
11.4,7.457053616136305,5.642514585030542,7.480281265623391,8.210004288752575,6.210146250136537,-5.679354086123806e-9,-2.6087289114765218e-9,-1.5217585319415689e-9,0.7964323966713946
11.5,7.455241804319984,5.646161784268515,7.479174789373209,8.207277880585755,6.212143747137828,-5.685297134157188e-9,-2.6113500492692787e-9,-1.5232875289878508e-9,0.7964506376748902
11.600000000000001,7.453435443688107,5.649798785307798,7.478071441807568,8.204557809125076,6.214136525762675,-5.6912292931466976e-9,-2.6139663137467623e-9,-1.5248136832668891e-9,0.7964687834779767
11.700000000000001,7.451634518613577,5.653425617082857,7.476971212825048,8.201844060122149,6.216124597053514,-5.697150490296187e-9,-2.616577608923504e-9,-1.5263369387871608e-9,0.7964868345830285
11.8,7.4498390135137935,5.657042308444686,7.475874092359059,8.199136619357999,6.218107972027516,-5.7030605996216585e-9,-2.6191839105014525e-9,-1.5278572813748031e-9,0.7965047914897453
11.9,7.448048912850524,5.6606488881610515,7.474780070377715,8.196435472643019,6.220086661676645,-5.70895952395474e-9,-2.6217851581720304e-9,-1.529374675849812e-9,0.7965226546951656
12.0,7.446264201129781,5.664245384916734,7.473689136883706,8.193740605816913,6.2220606769677085,-5.714847152948124e-9,-2.62438131082286e-9,-1.5308890982299673e-9,0.7965404246936817
12.100000000000001,7.44448486290169,5.667831827313777,7.4726012819141845,8.19105200474865,6.224030028842416,-5.720723384585148e-9,-2.6269723182161214e-9,-1.5324005192098734e-9,0.7965581019770533
12.200000000000001,7.442710882760368,5.671408243871729,7.471516495540637,8.18836965533642,6.225994728217431,-5.726588114143274e-9,-2.629558135519181e-9,-1.5339089126371618e-9,0.7965756870344226
12.3,7.440942245343791,5.674974663027884,7.470434767868765,8.185693543507572,6.227954785984425,-5.732441239842399e-9,-2.632138715834863e-9,-1.5354142511551464e-9,0.796593180352327
12.4,7.439178935333676,5.67853111313753,7.46935608903836,8.183023655218578,6.22991021301013,-5.738282659937644e-9,-2.634714014040102e-9,-1.5369165084420379e-9,0.7966105824147142
12.5,7.437420937455348,5.682077622474184,7.468280449223189,8.180359976454985,6.2318610201364,-5.744112274205592e-9,-2.6372839848054414e-9,-1.5384156580556547e-9,0.7966278937029558
12.600000000000001,7.435668236477618,5.6856142192298345,7.467207838630867,8.17770249323135,6.233807218180256,-5.749929983170218e-9,-2.6398485836105222e-9,-1.5399116740257866e-9,0.7966451146958611
12.700000000000001,7.433920817212656,5.689140931515183,7.4661382475027445,8.175051191591203,6.235748817933942,-5.755735688490283e-9,-2.642407766214593e-9,-1.541404530545329e-9,0.7966622458696907
12.8,7.432178664515873,5.692657787359885,7.465071666113779,8.172406057607002,6.237685830164984,-5.7615292927518905e-9,-2.64496148892844e-9,-1.5428942021289068e-9,0.7966792876981708
12.9,7.430441763285789,5.696164814712784,7.464008084772424,8.16976707738007,6.239618265616238,-5.7673106995658206e-9,-2.6475097084658503e-9,-1.5443806635262292e-9,0.7966962406525055
13.0,7.428710098463913,5.699662041442148,7.462947493820508,8.167134237040562,6.241546135005943,-5.773079813503882e-9,-2.650052382015388e-9,-1.5458638897639589e-9,0.7967131052013923
13.100000000000001,7.42698365503462,5.703149495335918,7.46188988363311,8.164507522747403,6.24346944902778,-5.778836540125251e-9,-2.652589467202691e-9,-1.5473438561237173e-9,0.7967298818110338
13.200000000000001,7.425262418025027,5.70662720410193,7.460835244618451,8.161886920688247,6.24538821835092,-5.7845807859540494e-9,-2.6551209221018885e-9,-1.5488205381487472e-9,0.7967465709451519
13.3,7.42354637250487,5.710095195368161,7.459783567217774,8.159272417079425,6.24730245362008,-5.790312458478059e-9,-2.657646705225155e-9,-1.550293911637817e-9,0.7967631730650013
13.4,7.421835503586381,5.713553496682959,7.458734841905221,8.156663998165893,6.249212165455574,-5.796031466140755e-9,-2.66016677552488e-9,-1.5517639526464867e-9,0.7967796886293821
13.5,7.420129796424171,5.717002135515278,7.457689059187723,8.154061650221195,6.251117364453367,-5.80173771833583e-9,-2.6626810923865445e-9,-1.5532306374829537e-9,0.7967961180946537
13.600000000000001,7.418429236215102,5.7204411392549135,7.456646209604882,8.1514653595474,6.253018061185129,-5.807431125396828e-9,-2.6651896156255645e-9,-1.5546939427062108e-9,0.7968124619147472
13.700000000000001,7.416733808198168,5.723870535212734,7.455606283728855,8.148875112475062,6.254914266198287,-5.81311159859387e-9,-2.667692305488034e-9,-1.5561538451264793e-9,0.7968287205411789
13.8,7.415043497654374,5.727290350620914,7.454569272164237,8.146290895363173,6.256805990016076,-5.81877905012568e-9,-2.670189122641934e-9,-1.557610321800082e-9,0.7968448944230636
13.9,7.413358289906621,5.7307006126331625,7.453535165547949,8.143712694599103,6.258693243137594,-5.82443339311162e-9,-2.6726800281784174e-9,-1.5590633500301905e-9,0.7968609840071263
14.0,7.411678170319574,5.734101348324958,7.452503954549122,8.141140496598563,6.260576036037853,-5.830074541589825e-9,-2.6751649836092946e-9,-1.5605129073653617e-9,0.7968769897377166
14.100000000000001,7.410003124299554,5.737492584693776,7.451475629868981,8.138574287805552,6.262454379167833,-5.835702410503354e-9,-2.6776439508552997e-9,-1.56195897159269e-9,0.7968929120568199
14.200000000000001,7.408333137294411,5.740874348659319,7.450450182240737,8.136014054692312,6.264328282954531,-5.8413169156958804e-9,-2.680116892254756e-9,-1.563401520742864e-9,0.7969087514040714
14.3,7.406668194793409,5.744246667063746,7.449427602429466,8.133459783759273,6.266197757801017,-5.846917973902179e-9,-2.6825837705454016e-9,-1.5648405330795645e-9,0.7969245082167676
14.4,7.4050082823271035,5.7476095666719,7.448407881232004,8.130911461535007,6.268062814086483,-5.852505502751753e-9,-2.6850445488871884e-9,-1.5662759871127637e-9,0.79694018292988
14.5,7.403353385467228,5.750963074171535,7.447391009476826,8.128369074576183,6.2699234621662985,-5.858079420738461e-9,-2.68749919080761e-9,-1.5677078615668318e-9,0.7969557759760666
14.600000000000001,7.401703489826571,5.754307216173543,7.446376978023943,8.125832609467517,6.271779712372058,-5.863639647257111e-9,-2.6899476602972988e-9,-1.5691361354363054e-9,0.7969712877856848
14.700000000000001,7.40005858105886,5.757642019212178,7.445365777764782,8.123302052821721,6.273631575011636,-5.869186102513107e-9,-2.6923899216170667e-9,-1.570560787873324e-9,0.7969867187868035
14.8,7.398418644858648,5.760967509745286,7.444357399622083,8.120777391279455,6.275479060369237,-5.874718707673555e-9,-2.6948259396565223e-9,-1.5719817983968265e-9,0.7970020694052158
14.9,7.396783666961188,5.764283714154524,7.443351834549779,8.118258611509289,6.27732217870545,-5.880237384558445e-9,-2.6972556792401486e-9,-1.5733991464877612e-9,0.7970173400644509
15.0,7.395153633142323,5.767590658745589,7.442349073532894,8.115745700207633,6.279160940257294,-5.885742056207655e-9,-2.6996791064398977e-9,-1.5748128123547667e-9,0.797032531185786
15.100000000000001,7.3935285292183694,5.770888369748437,7.441349107587426,8.113238644098717,6.280995355238275,-5.89123264578239e-9,-2.702096186066999e-9,-1.5762227754710604e-9,0.7970476431882589
15.200000000000001,7.3919083410459985,5.77417687331751,7.440351927760242,8.110737429934515,6.282825433838435,-5.896709078632218e-9,-2.704506886432838e-9,-1.5776290173516167e-9,0.7970626764886798
15.3,7.390293054522121,5.777456195531952,7.439357525128968,8.108242044494718,6.284651186224404,-5.902171278337947e-9,-2.7069111702791645e-9,-1.5790315162624562e-9,0.7970776315016428
15.4,7.3886826555837715,5.780726362395838,7.438365890801878,8.105752474586675,6.28647262253945,-5.907619174217433e-9,-2.709309012024555e-9,-1.5804302572810828e-9,0.7970925086395391
15.5,7.387077130207995,5.783987399838387,7.437377015917786,8.103268707045345,6.288289752903532,-5.913052687052545e-9,-2.7117003649710147e-9,-1.5818252131669988e-9,0.797107308312567
15.600000000000001,7.3854764644117346,5.787239333714185,7.43639089164594,8.100790728733259,6.2901025874133465,-5.918471756150012e-9,-2.7140852235775908e-9,-1.5832163806879817e-9,0.7971220309287453
15.700000000000001,7.3838806442517075,5.790482189803407,7.435407509185912,8.098318526540458,6.291911136142383,-5.923876287996996e-9,-2.716463505254148e-9,-1.5846037116664524e-9,0.7971366768939239
15.8,7.3822896558243025,5.793715993812031,7.434426859767493,8.095852087384456,6.293715409140974,-5.929266253560052e-9,-2.7188352745672814e-9,-1.585987243766259e-9,0.7971512466117959
15.9,7.38070348526546,5.796940771372059,7.433448934650584,8.093391398210187,6.295515416436341,-5.934641503950706e-9,-2.7212003182143163e-9,-1.5873668525608398e-9,0.7971657404839092
16.0,7.37912211875056,5.800156548041734,7.432473725125087,8.090936445989959,6.297311168032653,-5.9400021193660315e-9,-2.7235589502107554e-9,-1.588742721225906e-9,0.7971801589096776
16.1,7.377545542494307,5.803363349305754,7.431501222510804,8.088487217723403,6.299102673911069,-5.945347748919619e-9,-2.725910487448874e-9,-1.590114451281951e-9,0.7971945022863929
16.2,7.375973742750623,5.806561200575492,7.430531418157331,8.08604370043743,6.300889944029791,-5.950678858764644e-9,-2.7282561340109787e-9,-1.59148274511032e-9,0.7972087710092358
16.3,7.374406705812527,5.809750127189206,7.429564303443947,8.083605881186186,6.302672988324116,-5.9559943738152226e-9,-2.730593527363642e-9,-1.5928462245665141e-9,0.7972229654712872
16.400000000000002,7.372844418012032,5.812930154412261,7.428599869779515,8.081173747050986,6.3044518167064885,-5.96129613075426e-9,-2.732927044133347e-9,-1.5942074426826485e-9,0.7972370860635398
16.5,7.371286865720023,5.8161013074373376,7.4276381086023715,8.078747285140295,6.306226439066539,-5.966580474881461e-9,-2.7352483380566083e-9,-1.5955615308050225e-9,0.797251133174909
16.6,7.369734035346158,5.819263611384647,7.426679011380229,8.076326482589657,6.30799686527115,-5.971854107442696e-9,-2.7375730701428387e-9,-1.5969176245224618e-9,0.7972651071922439
16.7,7.368185913338743,5.82241709130214,7.425722569610066,8.073911326561655,6.309763105164489,-5.977104218179002e-9,-2.7398716324044726e-9,-1.5982584525088838e-9,0.7972790085003388
16.8,7.3666424861846345,5.82556177216573,7.42476877481803,8.071501804245871,6.311525168568077,-5.982354741181124e-9,-2.7421997269901463e-9,-1.5996165076843317e-9,0.7972928374819443
16.900000000000002,7.365103740409116,5.828697678879486,7.423817618559317,8.069097902858816,6.313283065280815,-5.987560462119278e-9,-2.744452390871848e-9,-1.6009305616157867e-9,0.7973065945177773
17.0,7.363569662575809,5.831824836275875,7.422869092418112,8.066699609643932,6.3150368050790675,-5.992806220342942e-9,-2.746827056820219e-9,-1.6023157834194806e-9,0.7973202799865334
17.1,7.362040239286519,5.834943269115912,7.4219231880073995,8.064306911871448,6.316786397716646,-5.997932408913277e-9,-2.7489523600268555e-9,-1.6035555436237992e-9,0.7973338942648961
17.2,7.360515457181218,5.838053002089485,7.420979896969022,8.06191979683851,6.318531852924995,-6.003238597011917e-9,-2.7515261649370368e-9,-1.6050569298219058e-9,0.7973474377275489
17.3,7.358995302937748,5.841154059815348,7.420039210973282,8.059538251868805,6.320273180412972,-6.008162356797208e-9,-2.753237635784074e-9,-1.6060552878164076e-9,0.7973609107471853
17.400000000000002,7.35747976327208,5.844246466841731,7.419101121719395,8.057162264313138,6.3220103898674065,-6.0137584535680155e-9,-2.7565472284322978e-9,-1.60798588352846e-9,0.7973743136945196
17.5,7.355968824937508,5.847330247645795,7.418165620934346,8.0547918215482,6.323743490952195,-6.018049457262509e-9,-2.756839204971394e-9,-1.6081562031764927e-9,0.7973876469382979
17.6,7.354462474725846,5.850405426635255,7.41723270037475,8.052426910978745,6.3254724933101345,-6.024739563859005e-9,-2.7627668177872653e-9,-1.6116139773199869e-9,0.797400910845308
17.7,7.352960699464879,5.853472028145926,7.416302351823068,8.050067520033384,6.327197406559627,-6.02689283007945e-9,-2.75811662362236e-9,-1.6089013640567575e-9,0.79741410578039
17.8,7.351463486022825,5.856530076446919,7.41537456709441,8.047713636172322,6.328918240300998,-6.037485061782985e-9,-2.773246324418299e-9,-1.6177270228563979e-9,0.7974272321064478
17.900000000000002,7.34997082129968,5.859579595731498,7.414449338023521,8.045365246872736,6.3306350041048,-6.032244692234861e-9,-2.7513409815953493e-9,-1.6049489062072324e-9,0.7974402901844575
18.0,7.348482692243094,5.862620610134777,7.413526656488814,8.043022339655982,6.332347707533831,-6.056507291753954e-9,-2.798637235180661e-9,-1.632538387471218e-9,0.79745328037348
18.1,7.346999085818397,5.8656531437012065,7.412606514367182,8.040684902036615,6.334056360102103,-6.0255134966809304e-9,-2.7165050672621078e-9,-1.5846279561757012e-9,0.7974662030306688
18.2,7.34551998906431,5.868677220445891,7.41168890361804,8.038352921617367,6.33576097135157,-6.097189119742749e-9,-2.8757559269372826e-9,-1.6775242910056478e-9,0.7974790585112829
18.3,7.344045388988717,5.871692864240593,7.410773816126055,8.036026385911612,6.337461550708865,-5.97585287879935e-9,-2.583295731345625e-9,-1.5069225102089039e-9,0.797491847168694
18.400000000000002,7.342575272763093,5.874700099026853,7.409861243993728,8.033705282673687,6.339158107752209,-6.2095794841958175e-9,-3.1299328076045404e-9,-1.8257941380932407e-9,0.7975045693544005
18.5,7.341109627360463,5.877698948417661,7.408951178993174,8.031389599279906,6.3408506517110785,-5.762293880961962e-9,-2.0961881251048635e-9,-1.2227764065124842e-9,0.7975172254180312
18.6,7.339648440234279,5.880689436440458,7.408043613585352,8.029079323878557,6.342539192396125,-6.534782308333577e-9,-3.975663413365573e-9,-2.3191369915629184e-9,0.7975298157073658
18.7,7.3381916980567325,5.883671586115446,7.407138538957447,8.026774443169796,6.344223738400325,-4.699756709241502e-9,-1.1953454621948038e-10,-6.972848530405993e-11,0.797542340568326
18.8,7.336739389175102,5.886645422178743,7.40623594876452,8.024474946630702,6.345904300521165,-7.270244248635029e-9,-6.829628342634295e-9,-3.983949867364222e-9,0.7975548003450184
18.900000000000002,7.335291498961406,5.889610965894348,7.405335831995288,8.022180818456357,6.347580885227585,-5.349943145266098e-10,7.104865189660589e-9,4.144504694032026e-9,0.7975671953796843
19.0,7.254680805176783,5.796165110805665,7.255561886839783,7.840925372597398,6.19855662008606,0.6541102044943002,0.6136729976480114,0.35128575246160376,0.7975896992124691
19.1,6.960839480753865,5.546620604164802,6.872122206926876,7.368358137440315,5.795617775541204,2.4564417951729296,1.323388140080216,0.7177959827379722,0.7976304024162026
19.200000000000003,6.519187616611947,5.273671417846995,6.472247042937118,6.85797441210337,5.3433510632865255,4.533568447214037,1.5159226067052642,0.7697458722751134,0.7976902450689254
19.3,6.212291181415382,5.172888095991339,6.320866729399644,6.616970496479005,5.096772786229515,5.580210710485108,1.1013281376822677,0.5400140291537692,0.7977339967455139
19.400000000000002,6.257403669737286,5.371543391712012,6.539980089721656,6.7647626589264425,5.150467675688316,4.915842514214282,0.43222362819416776,0.21671806166118388,0.7977261713703768
19.5,6.629974037430917,5.802456938501524,7.007112312810419,7.160961226597215,5.397101550491892,3.0023939341680284,8.175394670996868e-9,4.359884301920996e-9,0.7976916494881772
19.6,7.072539041007216,6.198691683842281,7.4020386844228945,7.491920001005287,5.609130010295344,1.2256805794269723,-7.738768316461589e-9,-4.356193884033064e-9,0.797646158392173
19.700000000000003,7.3603263147190665,6.396693333305756,7.575705904342891,7.628566287818782,5.6958397189983,0.3428684408151989,-8.145575603423698e-9,-4.7050380885523525e-9,0.7975875208672043
19.8,7.474077799321198,6.458724445481164,7.62371465737086,7.66420964532489,5.720402742688122,0.05887070981376156,-8.43020531072819e-9,-4.909348228416138e-9,0.7975553754255448
19.900000000000002,7.496362215655751,6.47137125781915,7.6308858781851105,7.668497290356022,5.726094228998267,0.0067891289856944195,-8.472612050876665e-9,-4.941398335410401e-9,0.7975553324094646
20.0,7.4981260446058045,6.474762207724705,7.630716430052045,7.667236776743845,5.728463294335694,0.0006952465379007614,-8.464355060210782e-9,-4.937442371563768e-9,0.7975641334946371
20.1,7.49739094867335,6.477062221846204,7.62969555008684,7.665337214483742,5.730443974837971,7.009007188766211e-5,-8.448367357986698e-9,-4.928204423047648e-9,0.7975740112872733
20.200000000000003,7.496401124112359,6.479244448969608,7.628589589439215,7.6633764527372845,5.732381343914368,7.040827160144215e-6,-8.420682256744756e-9,-4.912063661624968e-9,0.7975839576669727
20.3,7.495388460959058,6.481408981895796,7.6274772340931225,7.6614137892099485,5.734310841071097,6.927709736934657e-7,-8.308340924958651e-9,-4.846532110296255e-9,0.797593868232747
20.400000000000002,7.494376351997436,6.483565937397244,7.6263664133850675,7.65945519307352,5.736236049468671,5.467805660475917e-8,-7.347918099801499e-9,-4.2862855515213766e-9,0.7976037326646912
20.5,7.493367144094244,6.485716350585855,7.625257918853995,7.657501254373751,5.7381573369415815,-4.849430845585341e-9,-3.4043246854897093e-9,-1.985856066810814e-9,0.7976135501379401
20.6,7.492361066412924,6.487860342940029,7.624151824858852,7.655552023118507,5.74007474852128,-5.85159413289214e-9,-2.164117363986812e-9,-1.2624017958700324e-9,0.7976233207821368
20.700000000000003,7.491358133611561,6.489997944015884,7.623048134258431,7.653607495916258,5.741988297528995,-5.3311318706081575e-9,-2.759014607632018e-9,-1.6094251880304885e-9,0.7976330448232116
20.8,7.490358336808233,6.492129172541505,7.6219468410155615,7.651667662334392,5.743897992826904,-5.526599195386193e-9,-2.42136983153091e-9,-1.4124657352827296e-9,0.7976427224958738
20.900000000000002,7.489361666206639,6.494254046562843,7.620847938445945,7.649732511330268,5.745803842799344,-5.3450430252919155e-9,-2.549943493289438e-9,-1.4874670379793312e-9,0.7976523540338112
21.0,7.4883681124985255,6.496372584385964,7.619751420219142,7.6478020322029545,5.7477058560420975,-5.348686591564562e-9,-2.4440216982189355e-9,-1.4256793241789173e-9,0.7976619396694129
21.1,7.487377666166605,6.498484804105279,7.618657279855531,7.645876214114037,5.749604041014785,-5.256240825139428e-9,-2.4534609347566534e-9,-1.4311855454896475e-9,0.7976714796339122
21.200000000000003,7.486390317839539,6.500590723843053,7.617565510980647,7.6439550463295864,5.751498406216454,-5.209281401100393e-9,-2.4048205388086754e-9,-1.4028119811805172e-9,0.7976809741573223
21.3,7.485406058113878,6.50269036162951,7.616476107197566,7.6420385180987855,5.753388960097567,-5.137307282435191e-9,-2.3835329540417464e-9,-1.3903942233951012e-9,0.7976904234684785
21.400000000000002,7.484424877643223,6.504783735463033,7.6153890621505305,7.64012661871442,5.755275711103977,-5.075183423575355e-9,-2.347740097386515e-9,-1.3695150570073873e-9,0.7976998277950258
21.5,7.483446767093815,6.506870863280518,7.614304369493305,7.638219337482833,5.757158667655199,-5.0056697711834206e-9,-2.3177529433564963e-9,-1.3520225504846549e-9,0.7977091873634345
21.6,7.482471717166374,6.5089517629722256,7.6132220229046705,7.636316663738653,5.759037838155175,-4.937097692225671e-9,-2.2837145071113726e-9,-1.3321667960028827e-9,0.7977185023990021
21.700000000000003,7.481499718585266,6.511026452374727,7.612142016080738,7.634418586837523,5.760913230987065,-4.865319865268442e-9,-2.250304168544099e-9,-1.3126774318331985e-9,0.797727773125861
21.8,7.4805307621036725,6.5130949492745644,7.611064342738583,7.6325250961595605,5.762784854515848,-4.792228572911503e-9,-2.2152413202741636e-9,-1.2922241036701944e-9,0.7977369997669842
21.900000000000002,7.479564838500972,6.515157271406697,7.609988996614392,7.630636181107621,5.764652717087123,-4.716804723589453e-9,-2.1795506018710157e-9,-1.2714045179294344e-9,0.7977461825441918
22.0,7.478601938583883,6.5172134364554735,7.608915971464254,7.62875183110806,5.766516827027745,-4.6394142563084035e-9,-2.1426940988478543e-9,-1.2499048911602621e-9,0.7977553216781565
22.1,7.4776420531858125,6.519263462054381,7.6078452610636775,7.626872035610301,5.768377192645587,-4.55975988710874e-9,-2.104862913555635e-9,-1.2278366997340814e-9,0.7977644173884104
22.200000000000003,7.476685173167047,6.521307365786388,7.606776859207727,7.624996784086975,5.770233822229712,-4.477850034761915e-9,-2.0659059504315247e-9,-1.2051118045725698e-9,0.7977734698933497
22.3,7.475731289414553,6.523345165183995,7.605710759710857,7.623126066033786,5.772086724050351,-4.3935431836976394e-9,-2.025826652978854e-9,-1.1817322143860075e-9,0.7977824794102423
22.400000000000002,7.4747803928419625,6.52537687772943,7.604646956406892,7.621259870969499,5.773935906358976,-4.30675988708617e-9,-1.9845540719487423e-9,-1.1576565421125498e-9,0.7977914461552326
22.5,7.473832474389465,6.5274025208547695,7.603585443148939,7.619398188435886,5.775781377388325,-4.2173841463871305e-9,-1.942047212947717e-9,-1.1328608743560079e-9,0.7978003703433476
22.6,7.472887525023753,6.529422111942097,7.602526213809329,7.61754100799768,5.777623145352449,-4.125308156403729e-9,-1.8982474701058293e-9,-1.1073110243589149e-9,0.7978092521885032
22.700000000000003,7.471945535737939,6.531435668323643,7.60146926227955,7.615688319242526,5.779461218446753,-4.0304113284929144e-9,-1.8530997295365954e-9,-1.0809748423541598e-9,0.7978180919035094
22.8,7.471006497551482,6.533443207281934,7.600414582470183,7.613840111780939,5.781295604848032,-3.932569135730521e-9,-1.8065426463617733e-9,-1.0538165438294402e-9,0.797826889700077
22.900000000000002,7.470070401510116,6.535444746049935,7.5993621683108294,7.611996375246254,5.783126312714515,-3.831648458673369e-9,-1.7585126101157544e-9,-1.0257990226798233e-9,0.7978356457888224
23.0,7.469137238685777,6.537440301811193,7.5983120137500535,7.610157099294581,5.784953350185903,-3.72750890893185e-9,-1.7089416417841355e-9,-9.968826244802472e-10,0.797844360379274
23.1,7.468207000176531,6.539429891699983,7.5972641127553135,7.6083222736047595,5.7867767253834135,-3.620001437089186e-9,-1.6577579137997522e-9,-9.670254498165404e-10,0.7978530336798775
23.200000000000003,7.467279677106503,6.5414135328014495,7.596218459312895,7.606491887878309,5.788596446409812,-3.5089680635601988e-9,-1.6048850974434142e-9,-9.361829736025165e-10,0.7978616658980019
23.3,7.4663552606258,6.543391242151749,7.5951750474278485,7.604665931839384,5.79041252134946,-3.3942410416098723e-9,-1.550242175770906e-9,-9.0430793595406e-10,0.7978702572399452
23.400000000000002,7.465433741910447,6.545363036738197,7.594133871123922,7.6028443952347295,5.7922249582683465,-3.2756421793481447e-9,-1.4937430156465992e-9,-8.713500925420657e-10,0.7978788079109398
23.5,7.464515112162312,6.547328933499405,7.593094924443499,7.601027267833631,5.7940337652141345,-3.1529819982716068e-9,-1.4352959944277304e-9,-8.372559968249336e-10,0.7978873181151579
23.6,7.463599362609038,6.549288949325424,7.592058201447533,7.599214539427868,5.795838950216194,-3.026058855696543e-9,-1.3748035517554925e-9,-8.019687385933746e-10,0.797895788055718
23.700000000000003,7.462686484503974,6.551243101057889,7.59102369621548,7.597406199831669,5.797640521285644,-2.8946579655723547e-9,-1.312161714654432e-9,-7.654276669450562e-10,0.797904217934689
23.8,7.461776469126105,6.553191405490154,7.589991402845237,7.595602238881662,5.799438486415391,-2.7585503320417847e-9,-1.2472595695329625e-9,-7.275680822849051e-10,0.797912607953097
23.900000000000002,7.46086930777998,6.555133879367439,7.588961315453078,7.593802646436832,5.801232853580162,-2.617491575051381e-9,-1.179978684516392e-9,-6.883208993527052e-10,0.7979209583109302
24.0,7.459964991795653,6.557070539386963,7.587933428173589,7.592007412378466,5.80302363073655,-2.4712206398536168e-9,-1.1101924723986001e-9,-6.476122756115756e-10,0.797929269207144
24.1,7.459063512528611,6.55900140219809,7.586907735159601,7.590216526610113,5.8048108258230435,-2.319458374872924e-9,-1.0377654886817016e-9,-6.053632017711101e-10,0.7979375408396675
24.200000000000003,7.458164861359708,6.560926484402466,7.58588423058213,7.588429979057531,5.806594446760072,-2.1619059628127837e-9,-9.625526561854388e-10,-5.614890494761884e-10,0.7979457734054078
24.3,7.457269029695098,6.562845802554157,7.584862908630313,7.586647759668642,5.808374501450035,-1.9982431867418293e-9,-8.843984073974246e-10,-5.158990710112851e-10,0.7979539671002557
24.400000000000002,7.456376008966177,6.564759373159788,7.583843763511338,7.584869858413484,5.810150997777343,-1.8281265107146042e-9,-8.031357341132165e-10,-4.684958449238468e-10,0.7979621221190911
24.5,7.455485790629512,6.566667212678683,7.582826789450384,7.583096265284159,5.811923943608451,-1.6511869513200854e-9,-7.185851324872723e-10,-4.1917466063735077e-10,0.7979702386557888
24.6,7.454598366166786,6.568569337523001,7.581811980690559,7.581326970294788,5.813693346791896,-1.4670277131319494e-9,-6.305534298307407e-10,-3.678228340833494e-10,0.7979783169032226
24.700000000000003,7.45371372708473,6.570465764057872,7.580799331492831,7.579561963481461,5.815459215158331,-1.2752215569829784e-9,-5.388324774353017e-10,-3.1431894518204483e-10,0.7979863570532717
24.8,7.452831864915067,6.572356508601535,7.579788836135967,7.577801234902184,5.817221556520557,-1.0753078651651468e-9,-4.431976911858433e-10,-2.585319865330182e-10,0.7979943592968254
24.900000000000002,7.451952771214454,6.57424158742548,7.578780488916465,7.5760447746368325,5.818980378673561,-8.667893620279288e-10,-3.4340641891093957e-10,-2.0032041103634244e-10,0.7980023238237877
25.0,7.451076437564422,6.576121016754572,7.577774284148492,7.574292572787101,5.820735689394545,-6.491284418704958e-10,-2.3919611000572497e-10,-1.3953106417259405e-10,0.798010250823084
25.1,7.4502028555713204,6.577994812767198,7.576770216163817,7.572544619476448,5.822487496442961,-4.2174304809441236e-10,-1.3028225874534108e-10,-7.599798426903139e-11,0.7980181404826647
25.200000000000003,7.4493320168662684,6.579862991595399,7.575768279311747,7.5708009048500475,5.824235807560542,-1.840020383110069e-10,-1.63560880419234e-11,-9.541051357838809e-12,0.7980259929895112
25.3,7.448463913105097,6.581725569325004,7.574768467959061,7.569061419074732,5.825980630471329,6.478004100575159e-11,1.0291806547569015e-10,6.003553819404147e-11,0.7980338085296401
25.400000000000002,7.447598535968303,6.583582561995762,7.573770776489942,7.567326152338941,5.827721972881706,3.253488600814889e-10,2.2790571098441044e-10,1.329449980730036e-10,0.7980415872881098
25.5,7.446735877161002,6.585433985601481,7.5727751993059105,7.565595094852669,5.829459842480422,5.985169972487723e-10,3.590055617647377e-10,2.0941991102584918e-10,0.7980493294490236
25.6,7.445875928412883,6.587279856090161,7.5717817308257604,7.5638682368474015,5.831194246938624,8.851715410833676e-10,4.966533564962579e-10,2.897144579488234e-10,0.7980570351955362
25.700000000000003,7.445018681478167,6.589120189364126,7.570790365485483,7.562145568576064,5.832925193909879,1.1862827513750722e-9,6.413262197803796e-10,3.741069615258749e-10,0.7980647047098576
25.8,7.444164128135576,6.590955001280154,7.569801097738206,7.560427080312957,5.834652691030194,1.5029139552278497e-9,7.935476529026591e-10,4.629027975066739e-10,0.7980723381732588
25.900000000000002,7.443312260188287,6.592784307649618,7.568813922054118,7.5587127623537,5.836376745918044,1.8362328890137309e-9,9.538932638037023e-10,5.564377371896336e-10,0.7980799357660766
26.0,7.4424630694639164,6.59460812423861,7.567828832920395,7.557002605015163,5.838097366174389,2.1875247390343497e-9,1.1229973673387478e-9,6.550817975733264e-10,0.7980874976677176
26.1,7.4416165478144904,6.596426466768077,7.566845824841134,7.555296598635403,5.839814559382688,2.558207185636754e-9,1.3015606141777094e-9,7.592436915481695e-10,0.7980950240566642
26.200000000000003,7.440772687116426,6.598239350913951,7.5658648923372676,7.553594733573591,5.841528333108915,2.9498478197044326e-9,1.4903588405180111e-9,8.69375990228901e-10,0.7981025151104789
26.3,7.439931479270527,6.600046792307279,7.5648860299464955,7.551897000209944,5.843238694901569,3.3641843802469936e-9,1.6902533729693378e-9,9.859811341373415e-10,0.7981099710058086
26.400000000000002,7.439092916201973,6.601848806534359,7.563909232223197,7.550203388945645,5.844945652291678,3.803148361559692e-9,1.902203075830158e-9,1.1096184607803528e-9,0.7981173919183903
26.5,7.438256989860337,6.603645409136858,7.562934493738351,7.548513890202758,5.846649212792803,4.268892663885129e-9,2.1272784947304716e-9,1.2409124551080896e-9,0.7981247780230553
26.6,7.4374236922195935,6.605436615611956,7.561961809079448,7.546828494424146,5.848349383901031,4.763824120158696e-9,2.366678535188752e-9,1.380562478672198e-9,0.7981321294937332
26.700000000000003,7.436593015278159,6.607222441412463,7.560991172850397,7.5451471920733715,5.850046173094966,5.290641933349532e-9,2.621750222778929e-9,1.5293542963898627e-9,0.7981394465034581
26.8,7.435764951058931,6.609002901946955,7.560022579671428,7.543469973634595,5.8517395878357075,5.852383317801634e-9,2.8940122306971853e-9,1.6881738009577438e-9,0.7981467292243719
26.900000000000002,7.434939491609355,6.610778012579892,7.5590560241789895,7.541796829612461,5.853429635566825,6.452477971989415e-9,3.185183040574172e-9,1.8580234399923949e-9,0.7981539778277291
27.0,7.434116629001511,6.612547788631753,7.558091501025632,7.540127750531975,5.855116323714316,7.0948134444005374e-9,3.497214837575489e-9,2.0400419881721673e-9,0.7981611924839019
27.1,7.4332963553322235,6.614312245379158,7.55712900487989,7.538462726938363,5.856799659686551,7.783814023623986e-9,3.832334550411341e-9,2.2355284872427797e-9,0.7981683733623839
27.200000000000003,7.432478662723207,6.61607139805499,7.556168530426145,7.536801749396911,5.8584796508742105,8.524536536155151e-9,4.193093857718498e-9,2.4459714164067205e-9,0.7981755206317949
27.3,7.431663543321241,6.617825261848515,7.555210072364478,7.5351448084927934,5.860156304650186,9.3227874389762e-9,4.582430533017719e-9,2.6730844768816525e-9,0.7981826344598855
27.400000000000002,7.4308509892984,6.619573851905507,7.554253625410498,7.53349189483086,5.861829628369468,1.01852669455618e-8,5.0037442458223905e-9,2.9188508092136534e-9,0.7981897150135407
27.5,7.430040992852337,6.621317183328358,7.553299184295154,7.531842999035401,5.8634996293690005,1.111974776264761e-8,5.4609909557531955e-9,3.185578056510616e-9,0.7981967624587849
27.6,7.429233546206632,6.623055271176195,7.552346743764514,7.530198111749867,5.865166314967492,1.2135298544347057e-8,5.958801446807365e-9,3.475967509432432e-9,0.7982037769607854
27.700000000000003,7.428428641611232,6.6247881304649825,7.551396298579504,7.528557223636532,5.866829692465184,1.3242565691115692e-8,6.50263152399877e-9,3.793201720897424e-9,0.7982107586838568
27.8,7.427626271343002,6.626515776167623,7.550447843515603,7.526920325376093,5.868489769143545,1.4454132084893433e-8,7.098954196978676e-9,4.1410566131940746e-9,0.7982177077914645
27.900000000000002,7.426826427706418,6.628238223214049,7.549501373362477,7.525287407667178,5.870146552264898,1.578497844745023e-8,7.755508209445311e-9,4.524046453469423e-9,0.7982246244462292
28.0,7.42602910303443,6.629955486491294,7.548556882923522,7.523658461225744,5.8718000490719255,1.7253083305404058e-8,8.481623170732962e-9,4.947613513821991e-9,0.7982315088099297
28.1,7.4252342896895716,6.631667580843551,7.547614367015305,7.522033476784312,5.873450266787047,1.8880212731619347e-8,9.288650314624547e-9,5.418379347274791e-9,0.7982383610435062
28.200000000000003,7.4244419800653665,6.633374521072197,7.546673820466855,7.520412445091012,5.875097212611595,2.069297383447851e-8,1.019054119166991e-8,5.9444823582929034e-9,0.7982451813070641
28.3,7.4236521665881545,6.635076321935776,7.5457352381187475,7.518795356908334,5.876740893724746,2.272424087872852e-8,1.1204637128535139e-8,6.5360383207352156e-9,0.798251969759876
28.400000000000002,7.422864841719465,6.636772998149927,7.544798614821911,7.5171822030114965,5.878381317282081,2.5015117544929766e-8,1.235276473766443e-8,7.205779425154153e-9,0.7982587265603837
28.5,7.422079997959161,6.638464564387205,7.543863945436024,7.515572974186268,5.880018490413656,2.761768636915167e-8,1.3662785346873696e-8,7.969958112720747e-9,0.7982654518661991
28.6,7.421297627849635,6.640151035276765,7.542931224827323,7.513967661225992,5.881652420221343,3.059894047876399e-8,1.5170833844208023e-8,8.849653068051155e-9,0.7982721458341058
28.700000000000003,7.420517723981558,6.641832425403811,7.5420004478655525,7.512366254927442,5.8832831137751,3.404653710529186e-8,1.692463308591514e-8,9.872702623846746e-9,0.798278808620056
28.8,7.419740279001826,6.6435087493086575,7.541071609419549,7.510768746084897,5.884910578107629,3.8077441154803446e-8,1.8988538373144543e-8,1.1076647372283734e-8,0.7982854403791679
28.900000000000002,7.4189652856248784,6.645180021485156,7.540144704350735,7.509175125481416,5.886534820206504,4.285130935169729e-8,2.1451464315060817e-8,1.2513354168465085e-8,0.7982920412657185
29.0,7.41819273664917,6.646846256377979,7.539219727503119,7.507585383875579,5.888155847002195,4.859195783910982e-8,2.4439814083589168e-8,1.4256558195634041e-8,0.7982986114331301
29.1,7.417422624981918,6.648507468377832,7.538296673687344,7.505999511980489,5.88977366534916,5.562325666788272e-8,2.8139518390914104e-8,1.64147190352797e-8,0.7983051510339497
29.200000000000003,7.416654943677648,6.650163671812641,7.537375537653944,7.504417500428971,5.891388281994582,6.443221123634467e-8,3.2835643592253946e-8,1.915412539355358e-8,0.7983116602198104
29.3,7.415889686000877,6.65181488093041,7.536456314045813,7.502839339712428,5.892999703523664,7.578680780787877e-8,3.898836901948786e-8,2.2743215212121177e-8,0.7983181391413661
29.400000000000002,7.415126845533678,6.653461109863425,7.535538997307214,7.50126502006537,5.894607936256851,9.097346092223284e-8,4.7390880274396825e-8,2.7644680088209612e-8,0.7983245879481687
29.5,7.414366416372959,6.6551023725455725,7.534623581491512,7.499694531225218,5.896212986037402,1.1232733737718364e-7,5.9536529538057746e-8,3.4729642119074025e-8,0.7983310067884243
29.6,7.41360839352614,6.656738682498913,7.533710059804161,7.4981278618706595,5.897814857738075,1.4456205203404381e-7,7.857501970568596e-8,4.583542797233404e-8,0.7983373958084545
29.700000000000003,7.412852773789926,6.658370052106822,7.53279842320703,7.496564997948122,5.899413553807329,1.9914077254553114e-7,1.1275010943449549e-7,6.57708967959033e-8,0.7983437551512543
29.8,7.412099558214146,6.659996490153576,7.531888655870497,7.495005917269409,5.90100906959525,3.088971235206956e-7,1.866670383243706e-7,1.08889104728201e-7,0.7983500849520397
29.900000000000002,7.411348757612925,6.661617964567468,7.530980677129807,7.493450523842127,5.90260133785552,7.389921528898927e-7,5.473118152962512e-7,3.192652188484943e-7,0.7983563852979934
30.0,6.669620466405991,6.039007069985827,6.796008810641302,6.724566567933777,5.274766139924593,3.4960309451085103,2.999711613412665,1.575047030709187,0.7983051694564305
